{
    "杭州市": [119.476522, 29.898925],
    "宁波市": [121.549792, 29.868388],
    "温州市": [120.672111, 28.000575],
    "嘉兴市": [120.750865, 30.762653],
    "湖州市": [120.102398, 30.867198],
    "绍兴市": [120.582112, 29.997117],
    "金华市": [119.649506, 29.089524],
    "衢州市": [118.87263, 28.941708],
    "舟山市": [122.38522, 30.4316028],
    "台州市": [121.136679, 28.757098],
    "丽水市": [119.921786, 28.451993],
    "省直部属": [118.36, 30.55]
}